id,name,email,created_at
101,Frank Miller,frank.miller@example.com,2024-10-27
102,Bob Ray,bob.ray@example.com,2024-10-21
103,Diana Davis,diana.davis@example.com,2024-10-30
104,Hank Ray,hank.ray@example.com,2024-09-29
105,Charlie Smith,charlie.smith@example.com,2024-10-27
106,Diana Smith,diana.smith@example.com,2024-10-21
107,Diana Wilson,diana.wilson@example.com,2024-09-19
108,Eve Moore,eve.moore@example.com,2024-09-08
109,Jake Moore,jake.moore@example.com,2024-10-04
110,Charlie Miller,charlie.miller@example.com,2024-09-12
111,Grace Prince,grace.prince@example.com,2024-10-08
112,Alice Brown,alice.brown@example.com,2024-10-22
113,Charlie Taylor,charlie.taylor@example.com,2024-10-05
114,Hank Jones,hank.jones@example.com,2024-09-23
115,Jake Ray,jake.ray@example.com,2024-09-11
116,Eve Taylor,eve.taylor@example.com,2024-09-07
117,Frank Prince,frank.prince@example.com,2024-10-10
118,Alice Davis,alice.davis@example.com,2024-10-19
119,Charlie Taylor,charlie.taylor@example.com,2024-09-12
120,Bob Davis,bob.davis@example.com,2024-09-13
121,Ivy Moore,ivy.moore@example.com,2024-09-06
122,Bob Prince,bob.prince@example.com,2024-10-24
123,Jake Prince,jake.prince@example.com,2024-10-12
124,Diana Moore,diana.moore@example.com,2024-09-20
125,Hank Prince,hank.prince@example.com,2024-09-17
126,Frank Wilson,frank.wilson@example.com,2024-09-19
127,Jake Miller,jake.miller@example.com,2024-09-30
128,Frank Smith,frank.smith@example.com,2024-09-14
129,Eve Taylor,eve.taylor@example.com,2024-09-10
130,Diana Brown,diana.brown@example.com,2024-10-08
131,Jake Prince,jake.prince@example.com,2024-09-12
132,Grace Taylor,grace.taylor@example.com,2024-09-18
133,Jake Ray,jake.ray@example.com,2024-10-07
134,Hank Prince,hank.prince@example.com,2024-09-18
135,Frank Ray,frank.ray@example.com,2024-09-19
136,Bob Miller,bob.miller@example.com,2024-09-13
137,Bob Moore,bob.moore@example.com,2024-09-29
138,Jake Wilson,jake.wilson@example.com,2024-09-12
139,Ivy Smith,ivy.smith@example.com,2024-10-19
140,Frank Prince,frank.prince@example.com,2024-10-14
141,Hank Miller,hank.miller@example.com,2024-09-17
142,Jake Smith,jake.smith@example.com,2024-09-05
143,Bob Taylor,bob.taylor@example.com,2024-09-26
144,Grace Taylor,grace.taylor@example.com,2024-10-11
145,Alice Davis,alice.davis@example.com,2024-09-17
146,Hank Jones,hank.jones@example.com,2024-10-23
147,Frank Prince,frank.prince@example.com,2024-09-01
148,Ivy Davis,ivy.davis@example.com,2024-10-01
149,Ivy Moore,ivy.moore@example.com,2024-10-26
150,Hank Taylor,hank.taylor@example.com,2024-10-26
151,Jake Miller,jake.miller@example.com,2024-10-13
152,Hank Smith,hank.smith@example.com,2024-10-10
153,Eve Taylor,eve.taylor@example.com,2024-10-22
154,Alice Jones,alice.jones@example.com,2024-09-22
155,Frank Brown,frank.brown@example.com,2024-10-29
156,Ivy Taylor,ivy.taylor@example.com,2024-09-04
157,Eve Ray,eve.ray@example.com,2024-10-27
158,Bob Moore,bob.moore@example.com,2024-09-26
159,Bob Brown,bob.brown@example.com,2024-10-08
160,Grace Taylor,grace.taylor@example.com,2024-09-26
161,Ivy Miller,ivy.miller@example.com,2024-10-29
162,Diana Moore,diana.moore@example.com,2024-10-28
163,Grace Taylor,grace.taylor@example.com,2024-10-07
164,Bob Miller,bob.miller@example.com,2024-10-24
165,Frank Prince,frank.prince@example.com,2024-09-18
166,Alice Davis,alice.davis@example.com,2024-10-31
167,Frank Ray,frank.ray@example.com,2024-10-13
168,Ivy Taylor,ivy.taylor@example.com,2024-10-13
169,Ivy Prince,ivy.prince@example.com,2024-09-27
170,Charlie Ray,charlie.ray@example.com,2024-09-29
171,Alice Ray,alice.ray@example.com,2024-10-21
172,Alice Davis,alice.davis@example.com,2024-10-17
173,Charlie Miller,charlie.miller@example.com,2024-10-08
174,Jake Wilson,jake.wilson@example.com,2024-09-13
175,Alice Miller,alice.miller@example.com,2024-10-22
176,Frank Ray,frank.ray@example.com,2024-10-22
177,Hank Prince,hank.prince@example.com,2024-09-30
178,Eve Jones,eve.jones@example.com,2024-09-22
179,Hank Taylor,hank.taylor@example.com,2024-10-25
180,Frank Taylor,frank.taylor@example.com,2024-09-12
181,Grace Miller,grace.miller@example.com,2024-10-31
182,Alice Brown,alice.brown@example.com,2024-10-02
183,Frank Taylor,frank.taylor@example.com,2024-10-26
184,Diana Brown,diana.brown@example.com,2024-10-21
185,Grace Moore,grace.moore@example.com,2024-09-17
186,Jake Ray,jake.ray@example.com,2024-10-26
187,Jake Taylor,jake.taylor@example.com,2024-10-14
188,Diana Wilson,diana.wilson@example.com,2024-10-25
189,Jake Jones,jake.jones@example.com,2024-09-07
190,Bob Moore,bob.moore@example.com,2024-10-26
191,Diana Davis,diana.davis@example.com,2024-09-21
192,Charlie Brown,charlie.brown@example.com,2024-10-21
193,Hank Wilson,hank.wilson@example.com,2024-10-10
194,Alice Wilson,alice.wilson@example.com,2024-09-26
195,Ivy Brown,ivy.brown@example.com,2024-10-31
196,Frank Miller,frank.miller@example.com,2024-10-24
197,Frank Prince,frank.prince@example.com,2024-09-06
198,Eve Ray,eve.ray@example.com,2024-10-17
199,Alice Smith,alice.smith@example.com,2024-10-17
200,Bob Taylor,bob.taylor@example.com,2024-10-26
201,Jake Miller,jake.miller@example.com,2024-10-26
202,Charlie Miller,charlie.miller@example.com,2024-10-02
203,Ivy Davis,ivy.davis@example.com,2024-09-01
204,Diana Wilson,diana.wilson@example.com,2024-10-26
205,Hank Brown,hank.brown@example.com,2024-10-06
206,Frank Prince,frank.prince@example.com,2024-10-25
207,Jake Prince,jake.prince@example.com,2024-09-07
208,Eve Davis,eve.davis@example.com,2024-09-15
209,Ivy Wilson,ivy.wilson@example.com,2024-10-25
210,Jake Miller,jake.miller@example.com,2024-09-24
211,Eve Prince,eve.prince@example.com,2024-09-24
212,Diana Moore,diana.moore@example.com,2024-09-06
213,Grace Jones,grace.jones@example.com,2024-10-09
214,Bob Smith,bob.smith@example.com,2024-09-14
215,Grace Jones,grace.jones@example.com,2024-09-28
216,Jake Moore,jake.moore@example.com,2024-09-09
217,Jake Davis,jake.davis@example.com,2024-10-13
218,Ivy Smith,ivy.smith@example.com,2024-09-03
219,Hank Jones,hank.jones@example.com,2024-10-13
220,Eve Davis,eve.davis@example.com,2024-10-22
221,Frank Brown,frank.brown@example.com,2024-09-29
222,Alice Brown,alice.brown@example.com,2024-09-06
223,Diana Jones,diana.jones@example.com,2024-09-03
224,Frank Jones,frank.jones@example.com,2024-10-19
225,Grace Davis,grace.davis@example.com,2024-10-19
226,Hank Miller,hank.miller@example.com,2024-09-10
227,Frank Smith,frank.smith@example.com,2024-09-18
228,Hank Brown,hank.brown@example.com,2024-09-08
229,Bob Davis,bob.davis@example.com,2024-10-11
230,Hank Brown,hank.brown@example.com,2024-10-27
231,Frank Ray,frank.ray@example.com,2024-10-13
232,Ivy Ray,ivy.ray@example.com,2024-09-21
233,Diana Wilson,diana.wilson@example.com,2024-10-04
234,Grace Wilson,grace.wilson@example.com,2024-09-25
235,Jake Prince,jake.prince@example.com,2024-09-15
236,Alice Taylor,alice.taylor@example.com,2024-10-08
237,Frank Moore,frank.moore@example.com,2024-09-16
238,Alice Brown,alice.brown@example.com,2024-09-27
239,Bob Ray,bob.ray@example.com,2024-10-04
240,Frank Davis,frank.davis@example.com,2024-10-20
241,Charlie Miller,charlie.miller@example.com,2024-09-06
242,Ivy Davis,ivy.davis@example.com,2024-10-29
243,Hank Brown,hank.brown@example.com,2024-09-18
244,Eve Brown,eve.brown@example.com,2024-10-16
245,Alice Prince,alice.prince@example.com,2024-09-20
246,Jake Ray,jake.ray@example.com,2024-09-22
247,Eve Smith,eve.smith@example.com,2024-10-01
248,Alice Wilson,alice.wilson@example.com,2024-10-03
249,Jake Wilson,jake.wilson@example.com,2024-10-18
250,Charlie Smith,charlie.smith@example.com,2024-09-07
251,Diana Brown,diana.brown@example.com,2024-10-10
252,Grace Ray,grace.ray@example.com,2024-09-24
253,Diana Taylor,diana.taylor@example.com,2024-10-13
254,Ivy Davis,ivy.davis@example.com,2024-09-07
255,Charlie Ray,charlie.ray@example.com,2024-10-01
256,Bob Miller,bob.miller@example.com,2024-09-09
257,Jake Prince,jake.prince@example.com,2024-10-26
258,Ivy Ray,ivy.ray@example.com,2024-10-29
259,Grace Smith,grace.smith@example.com,2024-10-05
260,Diana Smith,diana.smith@example.com,2024-09-08
261,Ivy Moore,ivy.moore@example.com,2024-09-20
262,Ivy Brown,ivy.brown@example.com,2024-09-30
263,Charlie Davis,charlie.davis@example.com,2024-09-04
264,Hank Brown,hank.brown@example.com,2024-10-14
265,Diana Brown,diana.brown@example.com,2024-10-21
266,Alice Miller,alice.miller@example.com,2024-09-03
267,Hank Brown,hank.brown@example.com,2024-09-21
268,Ivy Prince,ivy.prince@example.com,2024-09-23
269,Bob Miller,bob.miller@example.com,2024-09-30
270,Frank Ray,frank.ray@example.com,2024-10-06
271,Eve Ray,eve.ray@example.com,2024-10-04
272,Ivy Jones,ivy.jones@example.com,2024-10-31
273,Eve Taylor,eve.taylor@example.com,2024-09-16
274,Jake Davis,jake.davis@example.com,2024-10-19
275,Alice Prince,alice.prince@example.com,2024-09-30
276,Bob Davis,bob.davis@example.com,2024-09-18
277,Diana Davis,diana.davis@example.com,2024-09-07
278,Frank Davis,frank.davis@example.com,2024-09-05
279,Diana Jones,diana.jones@example.com,2024-10-19
280,Eve Davis,eve.davis@example.com,2024-10-01
281,Jake Jones,jake.jones@example.com,2024-10-19
282,Bob Davis,bob.davis@example.com,2024-10-22
283,Bob Davis,bob.davis@example.com,2024-10-27
284,Diana Taylor,diana.taylor@example.com,2024-10-18
285,Diana Wilson,diana.wilson@example.com,2024-10-28
286,Eve Miller,eve.miller@example.com,2024-09-14
287,Alice Smith,alice.smith@example.com,2024-09-27
288,Diana Davis,diana.davis@example.com,2024-09-20
289,Grace Miller,grace.miller@example.com,2024-10-19
290,Bob Wilson,bob.wilson@example.com,2024-09-23
291,Bob Prince,bob.prince@example.com,2024-09-29
292,Bob Brown,bob.brown@example.com,2024-09-07
293,Alice Davis,alice.davis@example.com,2024-09-24
294,Eve Wilson,eve.wilson@example.com,2024-09-29
295,Eve Miller,eve.miller@example.com,2024-10-11
296,Hank Smith,hank.smith@example.com,2024-10-28
297,Bob Miller,bob.miller@example.com,2024-09-22
298,Ivy Davis,ivy.davis@example.com,2024-09-03
299,Ivy Taylor,ivy.taylor@example.com,2024-09-04
300,Jake Miller,jake.miller@example.com,2024-10-26
301,Charlie Wilson,charlie.wilson@example.com,2024-10-30
302,Diana Jones,diana.jones@example.com,2024-10-03
303,Alice Jones,alice.jones@example.com,2024-10-19
304,Bob Prince,bob.prince@example.com,2024-10-10
305,Ivy Moore,ivy.moore@example.com,2024-10-10
306,Hank Moore,hank.moore@example.com,2024-10-26
307,Hank Smith,hank.smith@example.com,2024-10-07
308,Ivy Prince,ivy.prince@example.com,2024-09-23
309,Bob Wilson,bob.wilson@example.com,2024-10-23
310,Alice Moore,alice.moore@example.com,2024-09-01
311,Eve Davis,eve.davis@example.com,2024-10-14
312,Charlie Jones,charlie.jones@example.com,2024-10-25
313,Bob Smith,bob.smith@example.com,2024-10-22
314,Frank Moore,frank.moore@example.com,2024-10-13
315,Grace Davis,grace.davis@example.com,2024-09-21
316,Alice Ray,alice.ray@example.com,2024-09-12
317,Jake Davis,jake.davis@example.com,2024-10-24
318,Ivy Davis,ivy.davis@example.com,2024-09-28
319,Eve Wilson,eve.wilson@example.com,2024-10-16
320,Eve Smith,eve.smith@example.com,2024-10-18
321,Eve Smith,eve.smith@example.com,2024-10-05
322,Eve Davis,eve.davis@example.com,2024-10-08
323,Alice Moore,alice.moore@example.com,2024-10-13
324,Bob Davis,bob.davis@example.com,2024-09-12
325,Hank Taylor,hank.taylor@example.com,2024-09-26
326,Jake Jones,jake.jones@example.com,2024-10-10
327,Charlie Smith,charlie.smith@example.com,2024-10-03
328,Jake Ray,jake.ray@example.com,2024-09-04
329,Jake Moore,jake.moore@example.com,2024-10-20
330,Jake Davis,jake.davis@example.com,2024-10-01
331,Diana Wilson,diana.wilson@example.com,2024-09-04
332,Alice Prince,alice.prince@example.com,2024-09-02
333,Eve Davis,eve.davis@example.com,2024-09-03
334,Bob Jones,bob.jones@example.com,2024-09-19
335,Hank Taylor,hank.taylor@example.com,2024-10-20
336,Grace Taylor,grace.taylor@example.com,2024-10-16
337,Charlie Taylor,charlie.taylor@example.com,2024-10-11
338,Frank Smith,frank.smith@example.com,2024-10-24
339,Diana Smith,diana.smith@example.com,2024-10-03
340,Alice Davis,alice.davis@example.com,2024-10-03
341,Frank Ray,frank.ray@example.com,2024-10-29
342,Ivy Prince,ivy.prince@example.com,2024-09-21
343,Jake Davis,jake.davis@example.com,2024-09-05
344,Grace Miller,grace.miller@example.com,2024-10-06
345,Frank Moore,frank.moore@example.com,2024-09-16
346,Frank Ray,frank.ray@example.com,2024-09-20
347,Alice Moore,alice.moore@example.com,2024-09-19
348,Diana Moore,diana.moore@example.com,2024-09-16
349,Bob Miller,bob.miller@example.com,2024-10-10
350,Alice Miller,alice.miller@example.com,2024-09-09
351,Ivy Wilson,ivy.wilson@example.com,2024-10-06
352,Bob Prince,bob.prince@example.com,2024-10-01
353,Grace Jones,grace.jones@example.com,2024-09-06
354,Jake Ray,jake.ray@example.com,2024-10-03
355,Bob Smith,bob.smith@example.com,2024-09-28
356,Alice Miller,alice.miller@example.com,2024-10-30
357,Eve Miller,eve.miller@example.com,2024-10-17
358,Eve Wilson,eve.wilson@example.com,2024-10-09
359,Bob Jones,bob.jones@example.com,2024-10-03
360,Diana Jones,diana.jones@example.com,2024-09-17
361,Grace Davis,grace.davis@example.com,2024-10-05
362,Alice Prince,alice.prince@example.com,2024-09-25
363,Eve Prince,eve.prince@example.com,2024-09-02
364,Grace Miller,grace.miller@example.com,2024-09-16
365,Hank Smith,hank.smith@example.com,2024-10-03
366,Frank Moore,frank.moore@example.com,2024-09-21
367,Jake Brown,jake.brown@example.com,2024-09-25
368,Bob Moore,bob.moore@example.com,2024-10-26
369,Alice Brown,alice.brown@example.com,2024-10-19
370,Jake Brown,jake.brown@example.com,2024-09-11
371,Eve Prince,eve.prince@example.com,2024-10-06
372,Eve Miller,eve.miller@example.com,2024-09-01
373,Jake Ray,jake.ray@example.com,2024-10-15
374,Eve Jones,eve.jones@example.com,2024-09-17
375,Jake Brown,jake.brown@example.com,2024-09-25
376,Grace Moore,grace.moore@example.com,2024-09-04
377,Alice Smith,alice.smith@example.com,2024-09-09
378,Diana Wilson,diana.wilson@example.com,2024-09-02
379,Hank Jones,hank.jones@example.com,2024-10-14
380,Eve Brown,eve.brown@example.com,2024-09-21
381,Eve Smith,eve.smith@example.com,2024-10-19
382,Jake Davis,jake.davis@example.com,2024-10-05
383,Alice Miller,alice.miller@example.com,2024-10-26
384,Alice Wilson,alice.wilson@example.com,2024-09-18
385,Hank Ray,hank.ray@example.com,2024-09-08
386,Bob Jones,bob.jones@example.com,2024-10-27
387,Bob Ray,bob.ray@example.com,2024-10-21
388,Bob Smith,bob.smith@example.com,2024-09-21
389,Alice Smith,alice.smith@example.com,2024-09-15
390,Eve Taylor,eve.taylor@example.com,2024-09-21
391,Ivy Davis,ivy.davis@example.com,2024-10-09
392,Alice Moore,alice.moore@example.com,2024-09-15
393,Hank Taylor,hank.taylor@example.com,2024-09-28
394,Eve Davis,eve.davis@example.com,2024-10-11
395,Grace Davis,grace.davis@example.com,2024-10-13
396,Charlie Jones,charlie.jones@example.com,2024-09-19
397,Eve Davis,eve.davis@example.com,2024-10-23
398,Ivy Taylor,ivy.taylor@example.com,2024-10-01
399,Ivy Brown,ivy.brown@example.com,2024-09-06
400,Bob Taylor,bob.taylor@example.com,2024-10-25
401,Grace Brown,grace.brown@example.com,2024-09-28
402,Alice Davis,alice.davis@example.com,2024-10-01
403,Jake Smith,jake.smith@example.com,2024-09-27
404,Frank Davis,frank.davis@example.com,2024-09-19
405,Alice Ray,alice.ray@example.com,2024-10-25
406,Hank Wilson,hank.wilson@example.com,2024-10-09
407,Diana Wilson,diana.wilson@example.com,2024-10-30
408,Charlie Smith,charlie.smith@example.com,2024-09-30
409,Jake Jones,jake.jones@example.com,2024-09-10
410,Hank Brown,hank.brown@example.com,2024-09-05
411,Alice Jones,alice.jones@example.com,2024-09-02
412,Diana Brown,diana.brown@example.com,2024-10-06
413,Alice Wilson,alice.wilson@example.com,2024-10-06
414,Hank Brown,hank.brown@example.com,2024-09-26
415,Frank Moore,frank.moore@example.com,2024-09-03
416,Alice Miller,alice.miller@example.com,2024-09-30
417,Alice Ray,alice.ray@example.com,2024-10-14
418,Eve Ray,eve.ray@example.com,2024-10-26
419,Hank Brown,hank.brown@example.com,2024-09-04
420,Diana Prince,diana.prince@example.com,2024-10-19
421,Diana Moore,diana.moore@example.com,2024-10-31
422,Grace Jones,grace.jones@example.com,2024-09-10
423,Bob Jones,bob.jones@example.com,2024-10-19
424,Alice Taylor,alice.taylor@example.com,2024-09-21
425,Hank Wilson,hank.wilson@example.com,2024-10-19
426,Hank Smith,hank.smith@example.com,2024-09-13
427,Charlie Wilson,charlie.wilson@example.com,2024-09-08
428,Grace Smith,grace.smith@example.com,2024-09-28
429,Jake Brown,jake.brown@example.com,2024-10-13
430,Eve Prince,eve.prince@example.com,2024-09-17
431,Alice Jones,alice.jones@example.com,2024-09-20
432,Frank Smith,frank.smith@example.com,2024-10-21
433,Frank Smith,frank.smith@example.com,2024-10-20
434,Eve Wilson,eve.wilson@example.com,2024-09-24
435,Ivy Miller,ivy.miller@example.com,2024-10-09
436,Bob Davis,bob.davis@example.com,2024-09-24
437,Charlie Smith,charlie.smith@example.com,2024-09-09
438,Ivy Taylor,ivy.taylor@example.com,2024-09-11
439,Charlie Wilson,charlie.wilson@example.com,2024-09-29
440,Alice Brown,alice.brown@example.com,2024-09-17
441,Bob Jones,bob.jones@example.com,2024-10-11
442,Bob Brown,bob.brown@example.com,2024-09-06
443,Bob Taylor,bob.taylor@example.com,2024-09-26
444,Diana Moore,diana.moore@example.com,2024-09-14
445,Diana Jones,diana.jones@example.com,2024-09-26
446,Eve Prince,eve.prince@example.com,2024-09-09
447,Ivy Moore,ivy.moore@example.com,2024-10-19
448,Ivy Moore,ivy.moore@example.com,2024-10-02
449,Frank Moore,frank.moore@example.com,2024-09-29
450,Bob Jones,bob.jones@example.com,2024-10-19
451,Ivy Moore,ivy.moore@example.com,2024-10-08
452,Jake Davis,jake.davis@example.com,2024-09-29
453,Bob Smith,bob.smith@example.com,2024-10-23
454,Diana Davis,diana.davis@example.com,2024-10-31
455,Eve Davis,eve.davis@example.com,2024-10-19
456,Diana Jones,diana.jones@example.com,2024-09-17
457,Ivy Jones,ivy.jones@example.com,2024-09-04
458,Alice Smith,alice.smith@example.com,2024-09-08
459,Eve Wilson,eve.wilson@example.com,2024-10-01
460,Alice Prince,alice.prince@example.com,2024-09-06
461,Grace Miller,grace.miller@example.com,2024-09-21
462,Grace Jones,grace.jones@example.com,2024-10-07
463,Alice Brown,alice.brown@example.com,2024-10-09
464,Eve Davis,eve.davis@example.com,2024-10-22
465,Charlie Smith,charlie.smith@example.com,2024-10-21
466,Diana Smith,diana.smith@example.com,2024-09-08
467,Ivy Davis,ivy.davis@example.com,2024-09-17
468,Alice Brown,alice.brown@example.com,2024-10-08
469,Grace Taylor,grace.taylor@example.com,2024-10-03
470,Ivy Smith,ivy.smith@example.com,2024-09-19
471,Grace Miller,grace.miller@example.com,2024-09-18
472,Grace Davis,grace.davis@example.com,2024-10-16
473,Alice Prince,alice.prince@example.com,2024-10-29
474,Hank Davis,hank.davis@example.com,2024-10-28
475,Alice Brown,alice.brown@example.com,2024-10-29
476,Charlie Davis,charlie.davis@example.com,2024-10-09
477,Ivy Prince,ivy.prince@example.com,2024-10-13
478,Hank Davis,hank.davis@example.com,2024-10-20
479,Hank Miller,hank.miller@example.com,2024-09-23
480,Hank Wilson,hank.wilson@example.com,2024-09-19
481,Ivy Wilson,ivy.wilson@example.com,2024-09-14
482,Diana Miller,diana.miller@example.com,2024-10-18
483,Ivy Ray,ivy.ray@example.com,2024-09-04
484,Jake Smith,jake.smith@example.com,2024-10-16
485,Frank Davis,frank.davis@example.com,2024-10-25
486,Frank Wilson,frank.wilson@example.com,2024-10-12
487,Frank Jones,frank.jones@example.com,2024-10-23
488,Charlie Taylor,charlie.taylor@example.com,2024-10-13
489,Grace Jones,grace.jones@example.com,2024-10-28
490,Jake Miller,jake.miller@example.com,2024-10-12
491,Grace Prince,grace.prince@example.com,2024-09-30
492,Bob Jones,bob.jones@example.com,2024-10-19
493,Bob Davis,bob.davis@example.com,2024-10-13
494,Alice Taylor,alice.taylor@example.com,2024-09-04
495,Eve Wilson,eve.wilson@example.com,2024-10-17
496,Eve Brown,eve.brown@example.com,2024-09-23
497,Alice Moore,alice.moore@example.com,2024-09-12
498,Hank Davis,hank.davis@example.com,2024-10-10
499,Diana Wilson,diana.wilson@example.com,2024-09-25
500,Bob Ray,bob.ray@example.com,2024-10-09
501,Ivy Smith,ivy.smith@example.com,2024-10-16
502,Alice Brown,alice.brown@example.com,2024-10-11
503,Charlie Smith,charlie.smith@example.com,2024-10-24
504,Ivy Prince,ivy.prince@example.com,2024-10-29
505,Alice Ray,alice.ray@example.com,2024-10-16
506,Frank Wilson,frank.wilson@example.com,2024-09-19
507,Hank Moore,hank.moore@example.com,2024-09-16
508,Ivy Ray,ivy.ray@example.com,2024-10-11
509,Alice Moore,alice.moore@example.com,2024-10-12
510,Grace Wilson,grace.wilson@example.com,2024-09-09
511,Grace Taylor,grace.taylor@example.com,2024-10-10
512,Ivy Brown,ivy.brown@example.com,2024-09-22
513,Grace Wilson,grace.wilson@example.com,2024-10-12
514,Jake Ray,jake.ray@example.com,2024-09-15
515,Bob Ray,bob.ray@example.com,2024-09-01
516,Ivy Davis,ivy.davis@example.com,2024-09-16
517,Eve Taylor,eve.taylor@example.com,2024-09-12
518,Ivy Prince,ivy.prince@example.com,2024-09-13
519,Diana Moore,diana.moore@example.com,2024-10-22
520,Alice Smith,alice.smith@example.com,2024-09-24
521,Grace Smith,grace.smith@example.com,2024-10-19
522,Charlie Ray,charlie.ray@example.com,2024-10-13
523,Eve Prince,eve.prince@example.com,2024-10-15
524,Alice Jones,alice.jones@example.com,2024-09-10
525,Ivy Davis,ivy.davis@example.com,2024-10-26
526,Frank Taylor,frank.taylor@example.com,2024-10-03
527,Charlie Prince,charlie.prince@example.com,2024-09-14
528,Frank Wilson,frank.wilson@example.com,2024-10-08
529,Frank Taylor,frank.taylor@example.com,2024-10-04
530,Charlie Jones,charlie.jones@example.com,2024-09-22
531,Frank Wilson,frank.wilson@example.com,2024-10-02
532,Charlie Brown,charlie.brown@example.com,2024-09-24
533,Diana Moore,diana.moore@example.com,2024-09-14
534,Bob Taylor,bob.taylor@example.com,2024-10-02
535,Diana Brown,diana.brown@example.com,2024-09-21
536,Alice Brown,alice.brown@example.com,2024-10-10
537,Ivy Brown,ivy.brown@example.com,2024-09-04
538,Ivy Moore,ivy.moore@example.com,2024-09-22
539,Jake Moore,jake.moore@example.com,2024-10-01
540,Grace Davis,grace.davis@example.com,2024-10-20
541,Bob Wilson,bob.wilson@example.com,2024-10-22
542,Hank Smith,hank.smith@example.com,2024-10-11
543,Frank Wilson,frank.wilson@example.com,2024-09-11
544,Frank Miller,frank.miller@example.com,2024-09-26
545,Frank Taylor,frank.taylor@example.com,2024-10-27
546,Hank Moore,hank.moore@example.com,2024-10-15
547,Jake Ray,jake.ray@example.com,2024-09-22
548,Hank Miller,hank.miller@example.com,2024-10-30
549,Bob Ray,bob.ray@example.com,2024-10-09
550,Hank Brown,hank.brown@example.com,2024-10-19
551,Ivy Davis,ivy.davis@example.com,2024-09-03
552,Eve Smith,eve.smith@example.com,2024-09-28
553,Ivy Prince,ivy.prince@example.com,2024-10-02
554,Hank Wilson,hank.wilson@example.com,2024-09-01
555,Ivy Smith,ivy.smith@example.com,2024-09-19
556,Grace Taylor,grace.taylor@example.com,2024-09-05
557,Hank Miller,hank.miller@example.com,2024-09-04
558,Bob Ray,bob.ray@example.com,2024-10-04
559,Grace Ray,grace.ray@example.com,2024-10-15
560,Bob Jones,bob.jones@example.com,2024-09-10
561,Frank Wilson,frank.wilson@example.com,2024-09-05
562,Jake Moore,jake.moore@example.com,2024-10-27
563,Jake Brown,jake.brown@example.com,2024-10-26
564,Alice Wilson,alice.wilson@example.com,2024-10-01
565,Alice Jones,alice.jones@example.com,2024-10-07
566,Ivy Brown,ivy.brown@example.com,2024-10-05
567,Bob Miller,bob.miller@example.com,2024-10-07
568,Hank Taylor,hank.taylor@example.com,2024-10-16
569,Jake Prince,jake.prince@example.com,2024-10-30
570,Bob Brown,bob.brown@example.com,2024-10-13
571,Jake Taylor,jake.taylor@example.com,2024-10-13
572,Alice Wilson,alice.wilson@example.com,2024-09-06
573,Eve Miller,eve.miller@example.com,2024-10-30
574,Charlie Taylor,charlie.taylor@example.com,2024-10-23
575,Frank Miller,frank.miller@example.com,2024-10-13
576,Bob Taylor,bob.taylor@example.com,2024-09-30
577,Alice Smith,alice.smith@example.com,2024-10-24
578,Frank Brown,frank.brown@example.com,2024-09-23
579,Frank Jones,frank.jones@example.com,2024-09-06
580,Eve Ray,eve.ray@example.com,2024-09-11
581,Frank Miller,frank.miller@example.com,2024-09-02
582,Alice Prince,alice.prince@example.com,2024-10-25
583,Frank Miller,frank.miller@example.com,2024-10-27
584,Ivy Taylor,ivy.taylor@example.com,2024-10-01
585,Frank Smith,frank.smith@example.com,2024-09-08
586,Jake Brown,jake.brown@example.com,2024-09-30
587,Charlie Jones,charlie.jones@example.com,2024-10-05
588,Jake Davis,jake.davis@example.com,2024-09-28
589,Charlie Brown,charlie.brown@example.com,2024-10-03
590,Ivy Jones,ivy.jones@example.com,2024-09-15
591,Grace Davis,grace.davis@example.com,2024-09-07
592,Jake Miller,jake.miller@example.com,2024-09-01
593,Grace Smith,grace.smith@example.com,2024-09-09
594,Bob Brown,bob.brown@example.com,2024-09-11
595,Jake Miller,jake.miller@example.com,2024-10-14
596,Frank Davis,frank.davis@example.com,2024-09-13
597,Diana Prince,diana.prince@example.com,2024-10-15
598,Hank Wilson,hank.wilson@example.com,2024-10-24
599,Alice Prince,alice.prince@example.com,2024-09-07
600,Charlie Jones,charlie.jones@example.com,2024-10-18
601,Diana Jones,diana.jones@example.com,2024-10-23
602,Jake Smith,jake.smith@example.com,2024-09-23
603,Hank Wilson,hank.wilson@example.com,2024-09-17
604,Alice Brown,alice.brown@example.com,2024-09-21
605,Jake Moore,jake.moore@example.com,2024-10-16
606,Charlie Davis,charlie.davis@example.com,2024-09-23
607,Frank Wilson,frank.wilson@example.com,2024-10-18
608,Hank Davis,hank.davis@example.com,2024-10-22
609,Diana Ray,diana.ray@example.com,2024-10-10
610,Bob Jones,bob.jones@example.com,2024-10-28
611,Grace Moore,grace.moore@example.com,2024-10-05
612,Ivy Wilson,ivy.wilson@example.com,2024-10-04
613,Alice Brown,alice.brown@example.com,2024-10-21
614,Frank Brown,frank.brown@example.com,2024-09-25
615,Eve Moore,eve.moore@example.com,2024-09-03
616,Eve Miller,eve.miller@example.com,2024-09-01
617,Frank Jones,frank.jones@example.com,2024-10-27
618,Alice Brown,alice.brown@example.com,2024-10-10
619,Grace Ray,grace.ray@example.com,2024-10-03
620,Grace Moore,grace.moore@example.com,2024-09-18
621,Bob Jones,bob.jones@example.com,2024-09-16
622,Jake Ray,jake.ray@example.com,2024-10-23
623,Hank Brown,hank.brown@example.com,2024-10-12
624,Hank Jones,hank.jones@example.com,2024-10-23
625,Hank Smith,hank.smith@example.com,2024-10-09
626,Grace Brown,grace.brown@example.com,2024-09-02
627,Hank Moore,hank.moore@example.com,2024-09-17
628,Eve Taylor,eve.taylor@example.com,2024-10-26
629,Diana Brown,diana.brown@example.com,2024-09-13
630,Alice Miller,alice.miller@example.com,2024-09-27
631,Alice Wilson,alice.wilson@example.com,2024-09-11
632,Frank Ray,frank.ray@example.com,2024-10-20
633,Eve Miller,eve.miller@example.com,2024-10-12
634,Bob Smith,bob.smith@example.com,2024-10-13
635,Eve Smith,eve.smith@example.com,2024-10-15
636,Charlie Davis,charlie.davis@example.com,2024-10-01
637,Ivy Davis,ivy.davis@example.com,2024-10-28
638,Grace Davis,grace.davis@example.com,2024-10-12
639,Bob Prince,bob.prince@example.com,2024-09-23
640,Bob Brown,bob.brown@example.com,2024-09-14
641,Grace Moore,grace.moore@example.com,2024-10-25
642,Grace Ray,grace.ray@example.com,2024-10-21
643,Diana Prince,diana.prince@example.com,2024-10-12
644,Frank Taylor,frank.taylor@example.com,2024-09-26
645,Eve Smith,eve.smith@example.com,2024-09-30
646,Eve Brown,eve.brown@example.com,2024-10-19
647,Eve Miller,eve.miller@example.com,2024-09-05
648,Diana Smith,diana.smith@example.com,2024-09-19
649,Ivy Brown,ivy.brown@example.com,2024-09-04
650,Diana Prince,diana.prince@example.com,2024-09-30
651,Diana Prince,diana.prince@example.com,2024-10-26
652,Frank Miller,frank.miller@example.com,2024-09-29
653,Charlie Brown,charlie.brown@example.com,2024-09-15
654,Ivy Ray,ivy.ray@example.com,2024-10-13
655,Eve Jones,eve.jones@example.com,2024-09-09
656,Hank Moore,hank.moore@example.com,2024-09-02
657,Frank Davis,frank.davis@example.com,2024-09-01
658,Hank Moore,hank.moore@example.com,2024-09-21
659,Ivy Davis,ivy.davis@example.com,2024-10-24
660,Frank Smith,frank.smith@example.com,2024-09-23
661,Hank Brown,hank.brown@example.com,2024-09-27
662,Eve Taylor,eve.taylor@example.com,2024-09-27
663,Bob Moore,bob.moore@example.com,2024-10-19
664,Frank Brown,frank.brown@example.com,2024-09-06
665,Charlie Prince,charlie.prince@example.com,2024-10-18
666,Charlie Moore,charlie.moore@example.com,2024-10-28
667,Ivy Moore,ivy.moore@example.com,2024-09-03
668,Grace Prince,grace.prince@example.com,2024-10-26
669,Frank Prince,frank.prince@example.com,2024-10-17
670,Ivy Moore,ivy.moore@example.com,2024-10-21
671,Frank Smith,frank.smith@example.com,2024-10-15
672,Charlie Prince,charlie.prince@example.com,2024-10-08
673,Eve Davis,eve.davis@example.com,2024-10-09
674,Alice Prince,alice.prince@example.com,2024-09-19
675,Hank Brown,hank.brown@example.com,2024-10-06
676,Alice Miller,alice.miller@example.com,2024-09-12
677,Alice Ray,alice.ray@example.com,2024-10-19
678,Eve Jones,eve.jones@example.com,2024-10-31
679,Ivy Smith,ivy.smith@example.com,2024-10-26
680,Eve Brown,eve.brown@example.com,2024-09-22
681,Frank Taylor,frank.taylor@example.com,2024-09-03
682,Hank Smith,hank.smith@example.com,2024-10-14
683,Eve Ray,eve.ray@example.com,2024-10-05
684,Ivy Wilson,ivy.wilson@example.com,2024-10-28
685,Grace Jones,grace.jones@example.com,2024-09-29
686,Grace Taylor,grace.taylor@example.com,2024-09-07
687,Bob Ray,bob.ray@example.com,2024-10-14
688,Eve Jones,eve.jones@example.com,2024-10-12
689,Jake Brown,jake.brown@example.com,2024-10-01
690,Hank Moore,hank.moore@example.com,2024-09-21
691,Eve Ray,eve.ray@example.com,2024-09-09
692,Bob Taylor,bob.taylor@example.com,2024-10-11
693,Frank Prince,frank.prince@example.com,2024-10-20
694,Jake Taylor,jake.taylor@example.com,2024-10-06
695,Frank Jones,frank.jones@example.com,2024-10-31
696,Frank Brown,frank.brown@example.com,2024-10-31
697,Alice Davis,alice.davis@example.com,2024-10-11
698,Eve Wilson,eve.wilson@example.com,2024-09-20
699,Hank Taylor,hank.taylor@example.com,2024-09-20
700,Diana Smith,diana.smith@example.com,2024-10-04
701,Frank Ray,frank.ray@example.com,2024-09-25
702,Frank Wilson,frank.wilson@example.com,2024-10-05
703,Jake Ray,jake.ray@example.com,2024-09-22
704,Frank Smith,frank.smith@example.com,2024-09-20
705,Eve Miller,eve.miller@example.com,2024-09-02
706,Hank Davis,hank.davis@example.com,2024-09-27
707,Charlie Ray,charlie.ray@example.com,2024-10-07
708,Ivy Davis,ivy.davis@example.com,2024-10-18
709,Ivy Jones,ivy.jones@example.com,2024-09-21
710,Ivy Davis,ivy.davis@example.com,2024-10-18
711,Ivy Davis,ivy.davis@example.com,2024-09-17
712,Eve Moore,eve.moore@example.com,2024-09-10
713,Frank Davis,frank.davis@example.com,2024-10-17
714,Diana Jones,diana.jones@example.com,2024-09-11
715,Grace Miller,grace.miller@example.com,2024-09-06
716,Ivy Miller,ivy.miller@example.com,2024-09-10
717,Diana Jones,diana.jones@example.com,2024-09-13
718,Ivy Moore,ivy.moore@example.com,2024-10-10
719,Alice Davis,alice.davis@example.com,2024-10-26
720,Bob Moore,bob.moore@example.com,2024-09-08
721,Bob Moore,bob.moore@example.com,2024-09-20
722,Grace Smith,grace.smith@example.com,2024-10-26
723,Grace Moore,grace.moore@example.com,2024-09-19
724,Grace Brown,grace.brown@example.com,2024-09-21
725,Ivy Jones,ivy.jones@example.com,2024-10-29
726,Bob Miller,bob.miller@example.com,2024-09-23
727,Grace Smith,grace.smith@example.com,2024-10-11
728,Frank Smith,frank.smith@example.com,2024-10-21
729,Alice Jones,alice.jones@example.com,2024-09-15
730,Eve Davis,eve.davis@example.com,2024-10-06
731,Diana Taylor,diana.taylor@example.com,2024-09-16
732,Grace Jones,grace.jones@example.com,2024-09-27
733,Alice Davis,alice.davis@example.com,2024-09-26
734,Frank Davis,frank.davis@example.com,2024-10-24
735,Ivy Miller,ivy.miller@example.com,2024-10-21
736,Grace Smith,grace.smith@example.com,2024-09-16
737,Charlie Jones,charlie.jones@example.com,2024-10-19
738,Bob Wilson,bob.wilson@example.com,2024-09-06
739,Jake Brown,jake.brown@example.com,2024-10-16
740,Alice Davis,alice.davis@example.com,2024-10-22
741,Bob Smith,bob.smith@example.com,2024-10-22
742,Jake Davis,jake.davis@example.com,2024-10-31
743,Ivy Jones,ivy.jones@example.com,2024-10-19
744,Alice Miller,alice.miller@example.com,2024-09-29
745,Jake Davis,jake.davis@example.com,2024-09-25
746,Diana Davis,diana.davis@example.com,2024-09-09
747,Bob Wilson,bob.wilson@example.com,2024-10-12
748,Jake Moore,jake.moore@example.com,2024-10-06
749,Grace Wilson,grace.wilson@example.com,2024-09-18
750,Eve Ray,eve.ray@example.com,2024-10-19
751,Hank Davis,hank.davis@example.com,2024-09-24
752,Bob Prince,bob.prince@example.com,2024-10-04
753,Diana Prince,diana.prince@example.com,2024-09-04
754,Ivy Brown,ivy.brown@example.com,2024-09-28
755,Frank Miller,frank.miller@example.com,2024-10-05
756,Alice Miller,alice.miller@example.com,2024-10-09
757,Grace Moore,grace.moore@example.com,2024-09-04
758,Diana Miller,diana.miller@example.com,2024-10-26
759,Bob Smith,bob.smith@example.com,2024-10-12
760,Eve Taylor,eve.taylor@example.com,2024-10-19
761,Frank Moore,frank.moore@example.com,2024-09-05
762,Charlie Taylor,charlie.taylor@example.com,2024-10-16
763,Frank Miller,frank.miller@example.com,2024-10-07
764,Charlie Davis,charlie.davis@example.com,2024-10-29
765,Bob Smith,bob.smith@example.com,2024-10-12
766,Ivy Wilson,ivy.wilson@example.com,2024-10-19
767,Jake Smith,jake.smith@example.com,2024-10-15
768,Alice Taylor,alice.taylor@example.com,2024-10-14
769,Bob Moore,bob.moore@example.com,2024-09-06
770,Jake Brown,jake.brown@example.com,2024-10-14
771,Grace Smith,grace.smith@example.com,2024-09-16
772,Diana Ray,diana.ray@example.com,2024-10-07
773,Jake Davis,jake.davis@example.com,2024-10-16
774,Frank Miller,frank.miller@example.com,2024-09-26
775,Diana Moore,diana.moore@example.com,2024-09-27
776,Charlie Moore,charlie.moore@example.com,2024-10-01
777,Ivy Moore,ivy.moore@example.com,2024-09-11
778,Grace Taylor,grace.taylor@example.com,2024-10-23
779,Diana Moore,diana.moore@example.com,2024-09-28
780,Charlie Prince,charlie.prince@example.com,2024-10-22
781,Frank Taylor,frank.taylor@example.com,2024-09-28
782,Frank Miller,frank.miller@example.com,2024-09-30
783,Bob Smith,bob.smith@example.com,2024-09-09
784,Bob Prince,bob.prince@example.com,2024-09-20
785,Hank Moore,hank.moore@example.com,2024-09-23
786,Eve Taylor,eve.taylor@example.com,2024-10-04
787,Charlie Davis,charlie.davis@example.com,2024-09-18
788,Alice Prince,alice.prince@example.com,2024-09-07
789,Hank Brown,hank.brown@example.com,2024-09-15
790,Jake Smith,jake.smith@example.com,2024-10-19
791,Jake Wilson,jake.wilson@example.com,2024-10-13
792,Alice Brown,alice.brown@example.com,2024-09-01
793,Ivy Moore,ivy.moore@example.com,2024-09-09
794,Ivy Smith,ivy.smith@example.com,2024-09-10
795,Charlie Miller,charlie.miller@example.com,2024-09-02
796,Alice Smith,alice.smith@example.com,2024-09-19
797,Charlie Moore,charlie.moore@example.com,2024-09-19
798,Alice Brown,alice.brown@example.com,2024-09-29
799,Hank Brown,hank.brown@example.com,2024-09-28
800,Bob Wilson,bob.wilson@example.com,2024-10-06
801,Jake Ray,jake.ray@example.com,2024-10-18
802,Eve Miller,eve.miller@example.com,2024-10-16
803,Frank Moore,frank.moore@example.com,2024-09-11
804,Frank Smith,frank.smith@example.com,2024-09-09
805,Jake Miller,jake.miller@example.com,2024-09-13
806,Diana Brown,diana.brown@example.com,2024-10-02
807,Frank Brown,frank.brown@example.com,2024-10-17
808,Charlie Smith,charlie.smith@example.com,2024-09-09
809,Ivy Jones,ivy.jones@example.com,2024-09-06
810,Bob Jones,bob.jones@example.com,2024-10-05
811,Grace Davis,grace.davis@example.com,2024-10-18
812,Jake Taylor,jake.taylor@example.com,2024-09-28
813,Ivy Ray,ivy.ray@example.com,2024-09-08
814,Ivy Prince,ivy.prince@example.com,2024-10-26
815,Grace Brown,grace.brown@example.com,2024-10-06
816,Jake Prince,jake.prince@example.com,2024-10-03
817,Ivy Jones,ivy.jones@example.com,2024-09-03
818,Ivy Miller,ivy.miller@example.com,2024-10-31
819,Eve Prince,eve.prince@example.com,2024-10-20
820,Diana Taylor,diana.taylor@example.com,2024-10-31
821,Bob Jones,bob.jones@example.com,2024-10-09
822,Diana Jones,diana.jones@example.com,2024-09-02
823,Grace Davis,grace.davis@example.com,2024-09-22
824,Eve Davis,eve.davis@example.com,2024-09-23
825,Diana Taylor,diana.taylor@example.com,2024-10-21
826,Jake Miller,jake.miller@example.com,2024-09-24
827,Eve Jones,eve.jones@example.com,2024-09-01
828,Eve Taylor,eve.taylor@example.com,2024-09-08
829,Diana Taylor,diana.taylor@example.com,2024-10-25
830,Bob Taylor,bob.taylor@example.com,2024-09-02
831,Eve Brown,eve.brown@example.com,2024-09-20
832,Diana Moore,diana.moore@example.com,2024-09-21
833,Bob Taylor,bob.taylor@example.com,2024-09-07
834,Bob Ray,bob.ray@example.com,2024-09-04
835,Charlie Brown,charlie.brown@example.com,2024-09-05
836,Frank Davis,frank.davis@example.com,2024-09-24
837,Bob Wilson,bob.wilson@example.com,2024-09-14
838,Ivy Taylor,ivy.taylor@example.com,2024-09-01
839,Diana Ray,diana.ray@example.com,2024-10-29
840,Grace Smith,grace.smith@example.com,2024-09-01
841,Hank Smith,hank.smith@example.com,2024-09-25
842,Grace Moore,grace.moore@example.com,2024-10-16
843,Ivy Davis,ivy.davis@example.com,2024-10-05
844,Alice Jones,alice.jones@example.com,2024-09-26
845,Frank Davis,frank.davis@example.com,2024-09-01
846,Frank Wilson,frank.wilson@example.com,2024-09-19
847,Diana Prince,diana.prince@example.com,2024-10-25
848,Charlie Moore,charlie.moore@example.com,2024-10-02
849,Grace Prince,grace.prince@example.com,2024-10-04
850,Ivy Brown,ivy.brown@example.com,2024-09-12
851,Diana Taylor,diana.taylor@example.com,2024-09-22
852,Jake Prince,jake.prince@example.com,2024-09-27
853,Alice Smith,alice.smith@example.com,2024-10-20
854,Diana Jones,diana.jones@example.com,2024-09-27
855,Charlie Ray,charlie.ray@example.com,2024-09-19
856,Frank Prince,frank.prince@example.com,2024-10-27
857,Grace Prince,grace.prince@example.com,2024-09-07
858,Diana Taylor,diana.taylor@example.com,2024-09-26
859,Charlie Wilson,charlie.wilson@example.com,2024-10-02
860,Alice Smith,alice.smith@example.com,2024-09-17
861,Alice Prince,alice.prince@example.com,2024-09-11
862,Frank Smith,frank.smith@example.com,2024-09-13
863,Eve Ray,eve.ray@example.com,2024-10-01
864,Ivy Moore,ivy.moore@example.com,2024-09-29
865,Bob Taylor,bob.taylor@example.com,2024-09-05
866,Jake Prince,jake.prince@example.com,2024-09-30
867,Grace Taylor,grace.taylor@example.com,2024-10-17
868,Jake Smith,jake.smith@example.com,2024-10-27
869,Grace Davis,grace.davis@example.com,2024-09-19
870,Alice Wilson,alice.wilson@example.com,2024-09-30
871,Grace Davis,grace.davis@example.com,2024-09-24
872,Alice Prince,alice.prince@example.com,2024-10-07
873,Alice Davis,alice.davis@example.com,2024-09-12
874,Charlie Wilson,charlie.wilson@example.com,2024-10-24
875,Charlie Miller,charlie.miller@example.com,2024-10-15
876,Jake Moore,jake.moore@example.com,2024-09-21
877,Diana Moore,diana.moore@example.com,2024-10-29
878,Ivy Ray,ivy.ray@example.com,2024-09-14
879,Bob Brown,bob.brown@example.com,2024-09-22
880,Ivy Brown,ivy.brown@example.com,2024-09-15
881,Eve Taylor,eve.taylor@example.com,2024-09-27
882,Alice Davis,alice.davis@example.com,2024-10-08
883,Alice Brown,alice.brown@example.com,2024-10-31
884,Jake Jones,jake.jones@example.com,2024-10-20
885,Grace Ray,grace.ray@example.com,2024-09-01
886,Frank Jones,frank.jones@example.com,2024-10-18
887,Alice Jones,alice.jones@example.com,2024-10-20
888,Jake Ray,jake.ray@example.com,2024-09-07
889,Hank Smith,hank.smith@example.com,2024-09-24
890,Frank Davis,frank.davis@example.com,2024-10-11
891,Eve Miller,eve.miller@example.com,2024-09-08
892,Hank Taylor,hank.taylor@example.com,2024-09-28
893,Bob Miller,bob.miller@example.com,2024-09-30
894,Ivy Miller,ivy.miller@example.com,2024-10-05
895,Jake Moore,jake.moore@example.com,2024-10-19
896,Jake Taylor,jake.taylor@example.com,2024-10-31
897,Hank Jones,hank.jones@example.com,2024-10-19
898,Alice Jones,alice.jones@example.com,2024-10-30
899,Eve Brown,eve.brown@example.com,2024-10-08
900,Bob Prince,bob.prince@example.com,2024-09-01
901,Bob Prince,bob.prince@example.com,2024-09-10
902,Frank Ray,frank.ray@example.com,2024-10-06
903,Grace Miller,grace.miller@example.com,2024-09-18
904,Eve Jones,eve.jones@example.com,2024-10-30
905,Eve Taylor,eve.taylor@example.com,2024-10-28
906,Charlie Jones,charlie.jones@example.com,2024-10-27
907,Jake Davis,jake.davis@example.com,2024-09-09
908,Hank Jones,hank.jones@example.com,2024-10-10
909,Frank Prince,frank.prince@example.com,2024-10-17
910,Bob Ray,bob.ray@example.com,2024-09-03
911,Hank Davis,hank.davis@example.com,2024-09-16
912,Ivy Ray,ivy.ray@example.com,2024-10-09
913,Grace Davis,grace.davis@example.com,2024-10-21
914,Eve Ray,eve.ray@example.com,2024-10-19
915,Alice Jones,alice.jones@example.com,2024-10-13
916,Eve Jones,eve.jones@example.com,2024-10-29
917,Frank Brown,frank.brown@example.com,2024-09-24
918,Ivy Smith,ivy.smith@example.com,2024-10-14
919,Hank Jones,hank.jones@example.com,2024-10-02
920,Ivy Prince,ivy.prince@example.com,2024-09-23
921,Eve Smith,eve.smith@example.com,2024-09-06
922,Bob Brown,bob.brown@example.com,2024-10-30
923,Diana Taylor,diana.taylor@example.com,2024-09-18
924,Charlie Smith,charlie.smith@example.com,2024-09-21
925,Jake Davis,jake.davis@example.com,2024-09-01
926,Jake Davis,jake.davis@example.com,2024-10-01
927,Alice Davis,alice.davis@example.com,2024-09-23
928,Frank Ray,frank.ray@example.com,2024-09-12
929,Charlie Wilson,charlie.wilson@example.com,2024-09-06
930,Ivy Davis,ivy.davis@example.com,2024-09-10
931,Bob Moore,bob.moore@example.com,2024-10-28
932,Ivy Moore,ivy.moore@example.com,2024-09-07
933,Ivy Taylor,ivy.taylor@example.com,2024-10-20
934,Eve Prince,eve.prince@example.com,2024-10-08
935,Charlie Ray,charlie.ray@example.com,2024-09-29
936,Frank Miller,frank.miller@example.com,2024-10-13
937,Diana Taylor,diana.taylor@example.com,2024-09-22
938,Alice Wilson,alice.wilson@example.com,2024-10-14
939,Diana Taylor,diana.taylor@example.com,2024-10-25
940,Charlie Prince,charlie.prince@example.com,2024-10-22
941,Eve Ray,eve.ray@example.com,2024-09-02
942,Jake Moore,jake.moore@example.com,2024-10-28
943,Grace Miller,grace.miller@example.com,2024-10-26
944,Frank Ray,frank.ray@example.com,2024-09-02
945,Frank Prince,frank.prince@example.com,2024-09-04
946,Frank Taylor,frank.taylor@example.com,2024-10-22
947,Bob Prince,bob.prince@example.com,2024-10-07
948,Eve Prince,eve.prince@example.com,2024-10-03
949,Grace Ray,grace.ray@example.com,2024-09-20
950,Hank Miller,hank.miller@example.com,2024-09-16
951,Jake Prince,jake.prince@example.com,2024-09-28
952,Frank Brown,frank.brown@example.com,2024-10-15
953,Diana Smith,diana.smith@example.com,2024-09-17
954,Bob Taylor,bob.taylor@example.com,2024-09-15
955,Bob Brown,bob.brown@example.com,2024-10-31
956,Bob Taylor,bob.taylor@example.com,2024-09-09
957,Jake Taylor,jake.taylor@example.com,2024-09-22
958,Hank Smith,hank.smith@example.com,2024-10-30
959,Bob Prince,bob.prince@example.com,2024-10-17
960,Ivy Smith,ivy.smith@example.com,2024-09-08
961,Ivy Jones,ivy.jones@example.com,2024-09-26
962,Eve Prince,eve.prince@example.com,2024-10-23
963,Frank Davis,frank.davis@example.com,2024-09-30
964,Grace Brown,grace.brown@example.com,2024-10-11
965,Diana Moore,diana.moore@example.com,2024-10-10
966,Bob Miller,bob.miller@example.com,2024-10-04
967,Jake Davis,jake.davis@example.com,2024-10-06
968,Ivy Davis,ivy.davis@example.com,2024-10-13
969,Alice Ray,alice.ray@example.com,2024-09-23
970,Bob Ray,bob.ray@example.com,2024-09-26
971,Frank Jones,frank.jones@example.com,2024-09-28
972,Diana Wilson,diana.wilson@example.com,2024-10-14
973,Diana Smith,diana.smith@example.com,2024-10-29
974,Alice Moore,alice.moore@example.com,2024-09-13
975,Bob Davis,bob.davis@example.com,2024-09-30
976,Alice Smith,alice.smith@example.com,2024-10-15
977,Charlie Prince,charlie.prince@example.com,2024-10-14
978,Ivy Brown,ivy.brown@example.com,2024-09-09
979,Eve Brown,eve.brown@example.com,2024-09-29
980,Bob Taylor,bob.taylor@example.com,2024-10-16
981,Frank Ray,frank.ray@example.com,2024-09-20
982,Diana Moore,diana.moore@example.com,2024-10-30
983,Alice Smith,alice.smith@example.com,2024-09-15
984,Grace Prince,grace.prince@example.com,2024-09-04
985,Jake Davis,jake.davis@example.com,2024-09-01
986,Diana Ray,diana.ray@example.com,2024-09-22
987,Eve Prince,eve.prince@example.com,2024-10-18
988,Bob Davis,bob.davis@example.com,2024-10-10
989,Ivy Ray,ivy.ray@example.com,2024-09-18
990,Jake Jones,jake.jones@example.com,2024-10-30
991,Grace Smith,grace.smith@example.com,2024-10-22
992,Jake Wilson,jake.wilson@example.com,2024-10-22
993,Eve Smith,eve.smith@example.com,2024-10-20
994,Diana Moore,diana.moore@example.com,2024-09-23
995,Charlie Jones,charlie.jones@example.com,2024-09-21
996,Ivy Wilson,ivy.wilson@example.com,2024-09-26
997,Diana Jones,diana.jones@example.com,2024-09-11
998,Hank Smith,hank.smith@example.com,2024-10-10
999,Ivy Jones,ivy.jones@example.com,2024-09-27
1000,Hank Taylor,hank.taylor@example.com,2024-10-24
1001,Bob Prince,bob.prince@example.com,2024-09-15
1002,Ivy Jones,ivy.jones@example.com,2024-09-12
1003,Diana Wilson,diana.wilson@example.com,2024-10-04
1004,Hank Wilson,hank.wilson@example.com,2024-10-05
1005,Eve Miller,eve.miller@example.com,2024-09-17
1006,Jake Ray,jake.ray@example.com,2024-09-10
1007,Hank Brown,hank.brown@example.com,2024-10-18
1008,Grace Wilson,grace.wilson@example.com,2024-09-05
1009,Diana Jones,diana.jones@example.com,2024-10-11
1010,Charlie Ray,charlie.ray@example.com,2024-09-04
1011,Eve Jones,eve.jones@example.com,2024-10-02
1012,Bob Jones,bob.jones@example.com,2024-10-03
1013,Frank Brown,frank.brown@example.com,2024-10-22
1014,Hank Ray,hank.ray@example.com,2024-09-27
1015,Eve Wilson,eve.wilson@example.com,2024-10-07
1016,Eve Brown,eve.brown@example.com,2024-10-09
1017,Charlie Jones,charlie.jones@example.com,2024-09-28
1018,Eve Ray,eve.ray@example.com,2024-10-13
1019,Eve Ray,eve.ray@example.com,2024-10-06
1020,Bob Jones,bob.jones@example.com,2024-10-31
1021,Bob Jones,bob.jones@example.com,2024-10-03
1022,Bob Miller,bob.miller@example.com,2024-09-28
1023,Bob Prince,bob.prince@example.com,2024-10-14
1024,Hank Wilson,hank.wilson@example.com,2024-10-21
1025,Diana Moore,diana.moore@example.com,2024-10-26
1026,Jake Davis,jake.davis@example.com,2024-10-20
1027,Frank Taylor,frank.taylor@example.com,2024-10-04
1028,Eve Davis,eve.davis@example.com,2024-10-24
1029,Alice Ray,alice.ray@example.com,2024-09-17
1030,Hank Prince,hank.prince@example.com,2024-10-08
1031,Jake Davis,jake.davis@example.com,2024-09-23
1032,Charlie Smith,charlie.smith@example.com,2024-09-01
1033,Jake Smith,jake.smith@example.com,2024-10-08
1034,Diana Brown,diana.brown@example.com,2024-10-31
1035,Charlie Prince,charlie.prince@example.com,2024-09-26
1036,Hank Prince,hank.prince@example.com,2024-09-30
1037,Jake Taylor,jake.taylor@example.com,2024-10-18
1038,Frank Wilson,frank.wilson@example.com,2024-10-03
1039,Alice Prince,alice.prince@example.com,2024-10-13
1040,Hank Jones,hank.jones@example.com,2024-10-13
1041,Frank Davis,frank.davis@example.com,2024-09-17
1042,Charlie Ray,charlie.ray@example.com,2024-10-11
1043,Frank Taylor,frank.taylor@example.com,2024-09-26
1044,Ivy Smith,ivy.smith@example.com,2024-09-12
1045,Diana Brown,diana.brown@example.com,2024-09-21
1046,Jake Taylor,jake.taylor@example.com,2024-09-19
1047,Alice Ray,alice.ray@example.com,2024-09-24
1048,Grace Brown,grace.brown@example.com,2024-10-05
1049,Grace Davis,grace.davis@example.com,2024-10-19
1050,Diana Moore,diana.moore@example.com,2024-09-21
1051,Jake Jones,jake.jones@example.com,2024-09-28
1052,Frank Miller,frank.miller@example.com,2024-09-30
1053,Alice Moore,alice.moore@example.com,2024-09-01
1054,Hank Moore,hank.moore@example.com,2024-09-25
1055,Frank Moore,frank.moore@example.com,2024-10-20
1056,Ivy Taylor,ivy.taylor@example.com,2024-10-15
1057,Hank Taylor,hank.taylor@example.com,2024-09-09
1058,Charlie Davis,charlie.davis@example.com,2024-09-21
1059,Jake Wilson,jake.wilson@example.com,2024-10-11
1060,Alice Prince,alice.prince@example.com,2024-09-02
1061,Alice Brown,alice.brown@example.com,2024-09-30
1062,Alice Moore,alice.moore@example.com,2024-10-18
1063,Alice Brown,alice.brown@example.com,2024-10-27
1064,Bob Wilson,bob.wilson@example.com,2024-09-02
1065,Frank Moore,frank.moore@example.com,2024-09-05
1066,Hank Ray,hank.ray@example.com,2024-10-06
1067,Eve Moore,eve.moore@example.com,2024-10-12
1068,Frank Davis,frank.davis@example.com,2024-10-09
1069,Grace Miller,grace.miller@example.com,2024-10-21
1070,Grace Taylor,grace.taylor@example.com,2024-09-25
1071,Diana Jones,diana.jones@example.com,2024-10-18
1072,Frank Moore,frank.moore@example.com,2024-09-13
1073,Ivy Ray,ivy.ray@example.com,2024-09-08
1074,Diana Wilson,diana.wilson@example.com,2024-09-19
1075,Grace Jones,grace.jones@example.com,2024-10-25
1076,Frank Brown,frank.brown@example.com,2024-10-24
1077,Ivy Brown,ivy.brown@example.com,2024-09-06
1078,Diana Jones,diana.jones@example.com,2024-10-17
1079,Hank Davis,hank.davis@example.com,2024-09-27
1080,Charlie Smith,charlie.smith@example.com,2024-10-02
1081,Alice Miller,alice.miller@example.com,2024-09-20
1082,Grace Wilson,grace.wilson@example.com,2024-10-16
1083,Charlie Jones,charlie.jones@example.com,2024-09-14
1084,Bob Prince,bob.prince@example.com,2024-10-27
1085,Jake Taylor,jake.taylor@example.com,2024-10-26
1086,Eve Wilson,eve.wilson@example.com,2024-09-26
1087,Eve Wilson,eve.wilson@example.com,2024-09-29
1088,Diana Smith,diana.smith@example.com,2024-10-26
1089,Diana Prince,diana.prince@example.com,2024-09-30
1090,Ivy Taylor,ivy.taylor@example.com,2024-09-21
1091,Jake Wilson,jake.wilson@example.com,2024-10-31
1092,Grace Moore,grace.moore@example.com,2024-10-23
1093,Grace Miller,grace.miller@example.com,2024-10-13
1094,Frank Moore,frank.moore@example.com,2024-09-13
1095,Grace Moore,grace.moore@example.com,2024-09-21
1096,Frank Moore,frank.moore@example.com,2024-09-06
1097,Jake Ray,jake.ray@example.com,2024-10-04
1098,Alice Brown,alice.brown@example.com,2024-09-22
1099,Eve Wilson,eve.wilson@example.com,2024-10-07
1100,Hank Ray,hank.ray@example.com,2024-10-16
